<?xml version="1.0" encoding="UTF-8"?>
<GenRun Id="impl_1" LaunchPart="xc7z007sclg400-1" LaunchTime="1701904717">
  <File Type="ROUTE-PWR" Name="stopwatch_power_routed.rpt"/>
  <File Type="PA-TCL" Name="stopwatch.tcl"/>
  <File Type="BITSTR-MMI" Name="stopwatch.mmi"/>
  <File Type="OPT-METHODOLOGY-DRC" Name="stopwatch_methodology_drc_opted.rpt"/>
  <File Type="INIT-TIMING" Name="stopwatch_timing_summary_init.rpt"/>
  <File Type="ROUTE-PWR-SUM" Name="stopwatch_power_summary_routed.pb"/>
  <File Type="REPORTS-TCL" Name="stopwatch_reports.tcl"/>
  <File Type="OPT-TIMING" Name="stopwatch_timing_summary_opted.rpt"/>
  <File Type="OPT-DCP" Name="stopwatch_opt.dcp"/>
  <File Type="OPT-DRC" Name="stopwatch_drc_opted.rpt"/>
  <File Type="OPT-HWDEF" Name="stopwatch.hwdef"/>
  <File Type="PWROPT-DCP" Name="stopwatch_pwropt.dcp"/>
  <File Type="PWROPT-DRC" Name="stopwatch_drc_pwropted.rpt"/>
  <File Type="PWROPT-TIMING" Name="stopwatch_timing_summary_pwropted.rpt"/>
  <File Type="PLACE-DCP" Name="stopwatch_placed.dcp"/>
  <File Type="PLACE-IO" Name="stopwatch_io_placed.rpt"/>
  <File Type="PLACE-CLK" Name="stopwatch_clock_utilization_placed.rpt"/>
  <File Type="PLACE-UTIL" Name="stopwatch_utilization_placed.rpt"/>
  <File Type="PLACE-UTIL-PB" Name="stopwatch_utilization_placed.pb"/>
  <File Type="PLACE-CTRL" Name="stopwatch_control_sets_placed.rpt"/>
  <File Type="PLACE-SIMILARITY" Name="stopwatch_incremental_reuse_placed.rpt"/>
  <File Type="PLACE-PRE-SIMILARITY" Name="stopwatch_incremental_reuse_pre_placed.rpt"/>
  <File Type="BG-BIN" Name="stopwatch.bin"/>
  <File Type="PLACE-TIMING" Name="stopwatch_timing_summary_placed.rpt"/>
  <File Type="POSTPLACE-PWROPT-DCP" Name="stopwatch_postplace_pwropt.dcp"/>
  <File Type="BITSTR-MSK" Name="stopwatch.msk"/>
  <File Type="POSTPLACE-PWROPT-TIMING" Name="stopwatch_timing_summary_postplace_pwropted.rpt"/>
  <File Type="PHYSOPT-DCP" Name="stopwatch_physopt.dcp"/>
  <File Type="PHYSOPT-DRC" Name="stopwatch_drc_physopted.rpt"/>
  <File Type="BITSTR-RBT" Name="stopwatch.rbt"/>
  <File Type="PHYSOPT-TIMING" Name="stopwatch_timing_summary_physopted.rpt"/>
  <File Type="ROUTE-ERROR-DCP" Name="stopwatch_routed_error.dcp"/>
  <File Type="ROUTE-DCP" Name="stopwatch_routed.dcp"/>
  <File Type="ROUTE-BLACKBOX-DCP" Name="stopwatch_routed_bb.dcp"/>
  <File Type="ROUTE-DRC" Name="stopwatch_drc_routed.rpt"/>
  <File Type="ROUTE-DRC-PB" Name="stopwatch_drc_routed.pb"/>
  <File Type="ROUTE-DRC-RPX" Name="stopwatch_drc_routed.rpx"/>
  <File Type="ROUTE-METHODOLOGY-DRC" Name="stopwatch_methodology_drc_routed.rpt"/>
  <File Type="ROUTE-METHODOLOGY-DRC-RPX" Name="stopwatch_methodology_drc_routed.rpx"/>
  <File Type="ROUTE-METHODOLOGY-DRC-PB" Name="stopwatch_methodology_drc_routed.pb"/>
  <File Type="ROUTE-PWR-RPX" Name="stopwatch_power_routed.rpx"/>
  <File Type="ROUTE-STATUS" Name="stopwatch_route_status.rpt"/>
  <File Type="ROUTE-STATUS-PB" Name="stopwatch_route_status.pb"/>
  <File Type="ROUTE-TIMINGSUMMARY" Name="stopwatch_timing_summary_routed.rpt"/>
  <File Type="ROUTE-TIMING-PB" Name="stopwatch_timing_summary_routed.pb"/>
  <File Type="ROUTE-TIMING-RPX" Name="stopwatch_timing_summary_routed.rpx"/>
  <File Type="ROUTE-SIMILARITY" Name="stopwatch_incremental_reuse_routed.rpt"/>
  <File Type="ROUTE-CLK" Name="stopwatch_clock_utilization_routed.rpt"/>
  <File Type="ROUTE-BUS-SKEW" Name="stopwatch_bus_skew_routed.rpt"/>
  <File Type="ROUTE-BUS-SKEW-PB" Name="stopwatch_bus_skew_routed.pb"/>
  <File Type="ROUTE-BUS-SKEW-RPX" Name="stopwatch_bus_skew_routed.rpx"/>
  <File Type="POSTROUTE-PHYSOPT-DCP" Name="stopwatch_postroute_physopt.dcp"/>
  <File Type="POSTROUTE-PHYSOPT-BLACKBOX-DCP" Name="stopwatch_postroute_physopt_bb.dcp"/>
  <File Type="POSTROUTE-PHYSOPT-TIMING" Name="stopwatch_timing_summary_postroute_physopted.rpt"/>
  <File Type="POSTROUTE-PHYSOPT-TIMING-PB" Name="stopwatch_timing_summary_postroute_physopted.pb"/>
  <File Type="POSTROUTE-PHYSOPT-TIMING-RPX" Name="stopwatch_timing_summary_postroute_physopted.rpx"/>
  <File Type="POSTROUTE-PHYSOPT-BUS-SKEW" Name="stopwatch_bus_skew_postroute_physopted.rpt"/>
  <File Type="BG-BIT" Name="stopwatch.bit"/>
  <File Type="POSTROUTE-PHYSOPT-BUS-SKEW-PB" Name="stopwatch_bus_skew_postroute_physopted.pb"/>
  <File Type="POSTROUTE-PHYSOPT-BUS-SKEW-RPX" Name="stopwatch_bus_skew_postroute_physopted.rpx"/>
  <File Type="BITSTR-NKY" Name="stopwatch.nky"/>
  <File Type="BITSTR-BMM" Name="stopwatch_bd.bmm"/>
  <File Type="PDI-FILE" Name="stopwatch.pdi"/>
  <File Type="RCFI_FILE" Name="stopwatch.rcfi"/>
  <File Type="CFI_FILE" Name="stopwatch.cfi"/>
  <File Type="RNPI_FILE" Name="stopwatch.rnpi"/>
  <File Type="NPI_FILE" Name="stopwatch.npi"/>
  <File Type="RBD_FILE" Name="stopwatch.rbd"/>
  <File Type="BITSTR-LTX" Name="debug_nets.ltx"/>
  <File Type="BITSTR-LTX" Name="stopwatch.ltx"/>
  <File Type="BITSTR-SYSDEF" Name="stopwatch.sysdef"/>
  <File Type="BG-BGN" Name="stopwatch.bgn"/>
  <File Type="BG-DRC" Name="stopwatch.drc"/>
  <File Type="RDI-RDI" Name="stopwatch.vdi"/>
  <File Type="WBT-USG" Name="usage_statistics_webtalk.html"/>
  <File Type="ROUTE-RQS" Name="stopwatch_routed.rqs"/>
  <File Type="POSTROUTE-PHYSOPT-RQS" Name="stopwatch_postroute_physopted.rqs"/>
  <File Type="ROUTE-RQS-RPT" Name="route_report_qor_suggestions_0.rpt"/>
  <File Type="POSTROUTE-PHYSOPT-RQS-RPT" Name="postroute_physopt_report_qor_suggestions_0.rpt"/>
  <FileSet Name="sources" Type="DesignSrcs" RelSrcDir="$PSRCDIR/sources_1" RelGenDir="$PGENDIR/sources_1">
    <Filter Type="Srcs"/>
    <File Path="$PSRCDIR/sources_1/new/final.vhd">
      <FileInfo>
        <Attr Name="UsedIn" Val="synthesis"/>
        <Attr Name="UsedIn" Val="simulation"/>
      </FileInfo>
    </File>
    <Config>
      <Option Name="DesignMode" Val="RTL"/>
      <Option Name="TopModule" Val="stopwatch"/>
      <Option Name="TopAutoSet" Val="TRUE"/>
    </Config>
  </FileSet>
  <FileSet Name="constrs_in" Type="Constrs" RelSrcDir="$PSRCDIR/constrs_1">
    <Filter Type="Constrs"/>
    <File Path="$PSRCDIR/constrs_1/new/c.xdc">
      <FileInfo>
        <Attr Name="UsedIn" Val="synthesis"/>
        <Attr Name="UsedIn" Val="implementation"/>
      </FileInfo>
    </File>
    <Config>
      <Option Name="ConstrsType" Val="XDC"/>
    </Config>
  </FileSet>
  <FileSet Name="utils" Type="Utils" RelSrcDir="$PSRCDIR/utils_1">
    <Filter Type="Utils"/>
    <Config>
      <Option Name="TopAutoSet" Val="TRUE"/>
    </Config>
  </FileSet>
  <Strategy Version="1" Minor="2">
    <StratHandle Name="Vivado Implementation Defaults" Flow="Vivado Implementation 2022"/>
    <Step Id="init_design"/>
    <Step Id="opt_design"/>
    <Step Id="power_opt_design"/>
    <Step Id="place_design"/>
    <Step Id="post_place_power_opt_design"/>
    <Step Id="phys_opt_design"/>
    <Step Id="route_design"/>
    <Step Id="post_route_phys_opt_design"/>
    <Step Id="write_bitstream"/>
  </Strategy>
</GenRun>
